{
    "adaptive_bed_mesh_margin": "0",
    "auxiliary_fan": "0",
    "bbl_use_printhost": "0",
    "bed_custom_model": "",
    "bed_custom_texture": "",
    "bed_exclude_area": [
        "0x0"
    ],
    "bed_mesh_max": "99999,99999",
    "bed_mesh_min": "-99999,-99999",
    "bed_mesh_probe_distance": "50,50",
    "before_layer_change_gcode": ";BEFORE_LAYER_CHANGE\n;[layer_z]\nBEFORE_LAYER_CHANGE HEIGHT=[layer_z] LAYER=[layer_num]",
    "best_object_pos": "0.5,0.5",
    "change_extrusion_role_gcode": "",
    "change_filament_gcode": "M600",
    "cooling_tube_length": "5",
    "cooling_tube_retraction": "91.5",
    "default_filament_profile": [
        "Prusa Generic PLA @MK4"
    ],
    "default_print_profile": "0.20mm Standard @MK4",
    "deretraction_speed": [
        "40"
    ],
    "disable_m73": "0",
    "emit_machine_limits_to_gcode": "0",
    "enable_filament_ramming": "1",
    "enable_long_retraction_when_cut": "0",
    "extra_loading_move": "-2",
    "extruder_clearance_height_to_lid": "140",
    "extruder_clearance_height_to_rod": "36",
    "extruder_clearance_radius": "65",
    "extruder_colour": [
        "#018001"
    ],
    "extruder_offset": [
        "0x0"
    ],
    "fan_kickstart": "0",
    "fan_speedup_overhangs": "1",
    "fan_speedup_time": "0",
    "from": "User",
    "gcode_flavor": "klipper",
    "head_wrap_detect_zone": [],
    "high_current_on_filament_swap": "0",
    "host_type": "octoprint",
    "inherits": "Prusa MK4 0.4 nozzle",
    "is_custom_defined": "0",
    "layer_change_gcode": ";AFTER_LAYER_CHANGE\n;[layer_z]\nAFTER_LAYER_CHANGE",
    "long_retractions_when_cut": [
        "0"
    ],
    "machine_end_gcode": "PRINT_END",
    "machine_load_filament_time": "17",
    "machine_max_acceleration_e": [
        "2500",
        "2500"
    ],
    "machine_max_acceleration_extruding": [
        "4000",
        "4000"
    ],
    "machine_max_acceleration_retracting": [
        "1200",
        "1200"
    ],
    "machine_max_acceleration_travel": [
        "4000",
        "4000"
    ],
    "machine_max_acceleration_x": [
        "4000",
        "4000"
    ],
    "machine_max_acceleration_y": [
        "4000",
        "4000"
    ],
    "machine_max_acceleration_z": [
        "200",
        "200"
    ],
    "machine_max_jerk_e": [
        "4.5",
        "2.5"
    ],
    "machine_max_jerk_x": [
        "9",
        "9"
    ],
    "machine_max_jerk_y": [
        "9",
        "9"
    ],
    "machine_max_jerk_z": [
        "0.4",
        "0.4"
    ],
    "machine_max_speed_e": [
        "120",
        "25"
    ],
    "machine_max_speed_x": [
        "300",
        "200"
    ],
    "machine_max_speed_y": [
        "300",
        "200"
    ],
    "machine_max_speed_z": [
        "20",
        "12"
    ],
    "machine_min_extruding_rate": [
        "0",
        "0"
    ],
    "machine_min_travel_rate": [
        "0",
        "0"
    ],
    "machine_pause_gcode": "M601",
    "machine_start_gcode": "_PRINT_START_PHASE_INIT EXTRUDER={first_layer_temperature[initial_tool]} BED=[first_layer_bed_temperature] MESH_MIN={first_layer_print_min[0]},{first_layer_print_min[1]} MESH_MAX={first_layer_print_max[0]},{first_layer_print_max[1]} LAYERS={total_layer_count} NOZZLE_SIZE={nozzle_diameter[0]}\n; Insert custom gcode here.\n_PRINT_START_PHASE_PREHEAT\n; Insert custom gcode here.\n_PRINT_START_PHASE_PROBING\n; Insert custom gcode here.\n_PRINT_START_PHASE_EXTRUDER\n; Insert custom gcode here.\n_PRINT_START_PHASE_PURGE\n\n; This is the place to put slicer purge lines if you haven't set a non-zero\n; variable_start_purge_length to have START_PRINT automatically calculate and \n; perform the purge (e.g. if using a Mosaic Palette, which requires the slicer\n; to generate the purge).",
    "machine_unload_filament_time": "16",
    "manual_filament_change": "0",
    "max_layer_height": [
        "0.25"
    ],
    "min_layer_height": [
        "0.07"
    ],
    "name": "Wences MK2",
    "nozzle_diameter": [
        "0.4"
    ],
    "nozzle_height": "4",
    "nozzle_hrc": "0",
    "nozzle_type": "hardened_steel",
    "nozzle_volume": "0",
    "parking_pos_retraction": "92",
    "preferred_orientation": "0",
    "printable_area": [
        "0x0",
        "250x0",
        "250x210",
        "0x210"
    ],
    "printable_height": "220",
    "printer_model": "MK4IS",
    "printer_notes": "Don't remove the following keywords! These keywords are used in the \"compatible printer\" condition of the print and filament profiles to link the particular print and filament profiles to this printer profile.\nPRINTER_MODEL_MK4IS\nPG",
    "printer_settings_id": "Wences MK2",
    "printer_structure": "undefine",
    "printer_technology": "FFF",
    "printer_variant": "0.4",
    "printhost_authorization_type": "key",
    "printhost_ssl_ignore_revoke": "0",
    "printing_by_object_gcode": "",
    "purge_in_prime_tower": "1",
    "retract_before_wipe": [
        "70%"
    ],
    "retract_length_toolchange": [
        "2"
    ],
    "retract_lift_above": [
        "0"
    ],
    "retract_lift_below": [
        "0"
    ],
    "retract_lift_enforce": [
        "All Surfaces"
    ],
    "retract_restart_extra": [
        "0"
    ],
    "retract_restart_extra_toolchange": [
        "0"
    ],
    "retract_when_changing_layer": [
        "1"
    ],
    "retraction_distances_when_cut": [
        "18"
    ],
    "retraction_length": [
        "0.5"
    ],
    "retraction_minimum_travel": [
        "1"
    ],
    "retraction_speed": [
        "40"
    ],
    "scan_first_layer": "0",
    "silent_mode": "0",
    "single_extruder_multi_material": "1",
    "support_air_filtration": "1",
    "support_chamber_temp_control": "1",
    "support_multi_bed_types": "0",
    "template_custom_gcode": "",
    "thumbnails": "300x300/PNG",
    "thumbnails_format": "PNG",
    "time_cost": "0",
    "time_lapse_gcode": "",
    "upward_compatible_machine": [],
    "use_firmware_retraction": "0",
    "use_relative_e_distances": "1",
    "version": "2.0.2.0",
    "wipe": [
        "1"
    ],
    "wipe_distance": [
        "1"
    ],
    "z_hop": [
        "0.4"
    ],
    "z_hop_types": [
        "Slope Lift"
    ],
    "z_offset": "0"
}
